residue_pair,pairwise_short_range_energies
663_149,0
663_150,0
663_151,0
663_152,0.0
663_153,0.0
663_154,0.0
663_155,0.0
663_174,-0.0955737002114588
663_176,0.0
663_177,0
664_149,0
664_150,0
664_151,0
664_152,0.0
664_153,-0.5598192076618077
664_154,0.0
664_155,0.0
664_174,0.0
664_176,0.0
664_177,0
665_149,0
665_150,0
665_151,0
665_152,0.0
665_153,0.0
665_154,0.0
665_155,0
665_174,0.0
665_176,0.0
665_177,0
666_149,0
666_150,0
666_151,0
666_152,0.0
666_153,0.0
666_154,0.0
666_155,0
666_174,0.0
666_176,0.0
666_177,0
667_149,0
667_150,0
667_151,0
667_152,0.0
667_153,0.0
667_154,0
667_155,0
667_174,0
667_176,0
667_177,0
668_149,0
668_150,0.0
668_151,0.0
668_152,0.0
668_153,0.0
668_154,0.0
668_155,0
668_174,0
668_176,0.0
668_177,0
669_149,0
669_150,0
669_151,0
669_152,0.0
669_153,0.0
669_154,0
669_155,0
669_174,0
669_176,0
669_177,0
670_149,0
670_150,0
670_151,0
670_152,0.0
670_153,0.0
670_154,0
670_155,0
670_174,0.0
670_176,0.0
670_177,0
671_149,0
671_150,0
671_151,0.0
671_152,0.0
671_153,-0.06480443500500478
671_154,0.0
671_155,0
671_174,0.0
671_176,0.0
671_177,0
672_149,0.0
672_150,0.0
672_151,0.0
672_152,0.0
672_153,0.0
672_154,0.0
672_155,0
672_174,0.0
672_176,0.0
672_177,0.0
673_149,0
673_150,0
673_151,0
673_152,0
673_153,0.0
673_154,0
673_155,0
673_174,0.0
673_176,0.0
673_177,0
674_149,0
674_150,0
674_151,0
674_152,0.0
674_153,0.0
674_154,0
674_155,0
674_174,0.0
674_176,0.0
674_177,0
675_149,0
675_150,0
675_151,0.0
675_152,0.0
675_153,-0.14854968558629467
675_154,0.0
675_155,0
675_174,0.0
675_176,0.0
675_177,0.0
676_149,0
676_150,0
676_151,0
676_152,0.0
676_153,0.0
676_154,0
676_155,0
676_174,0.0
676_176,0.0
676_177,0.0
677_149,0
677_150,0
677_151,0
677_152,0
677_153,0.0
677_154,0
677_155,0
677_174,0.0
677_176,0.0
677_177,0.0
678_149,0
678_150,0
678_151,0.0
678_152,0.0
678_153,-0.001707752809263993
678_154,0
678_155,0
678_174,0.0
678_176,0.0
678_177,0.0
679_149,0.0
679_150,0.0
679_151,0.0
679_152,0.0
679_153,0.0
679_154,0.0
679_155,0.0
679_174,0.0
679_176,-0.2101545829708475
679_177,-1.2155856810314278
680_149,0.0
680_150,0.0
680_151,0.0
680_152,0.0
680_153,-1.660201595998557
680_154,0.0
680_155,0.0
680_174,0.0
680_176,-1.576785684677444
680_177,0.0
681_149,0.0
681_150,0.0
681_151,0.0
681_152,0.0
681_153,0.0
681_154,0
681_155,0
681_174,0.0
681_176,-0.0015454062583970104
681_177,0.0
682_149,0.0
682_150,0.0
682_151,0.0
682_152,0.0
682_153,0.0
682_154,0
682_155,0
682_174,0.0
682_176,-5.9219217775814055e-05
682_177,0.0
683_149,0.0
683_150,0.0
683_151,0.0
683_152,0.0
683_153,-0.0009511634732973588
683_154,0.0
683_155,0
683_174,0.0
683_176,-0.015475198561745868
683_177,0.0
684_149,0.0
684_150,0.0
684_151,0.0
684_152,0.0
684_153,-0.024012520816859197
684_154,0.0
684_155,0
684_174,0.0
684_176,-2.9320208753277896e-07
684_177,0.0
685_149,0.0
685_150,0.0
685_151,0.0
685_152,0.0
685_153,0.0
685_154,0
685_155,0
685_174,0
685_176,0.0
685_177,0.0
686_149,-0.0005538748406782062
686_150,-0.2237533319406455
686_151,-1.157880682024409
686_152,-9.487284473311853e-06
686_153,0.0
686_154,0.0
686_155,0
686_174,0.0
686_176,0.0
686_177,0.0
687_149,0.0
687_150,0.0
687_151,0.0
687_152,0.0
687_153,-0.0010518066179520328
687_154,0.0
687_155,0
687_174,0.0
687_176,0.0
687_177,0.0
688_149,0.0
688_150,0.0
688_151,0.0
688_152,0.0
688_153,0.0
688_154,0
688_155,0
688_174,0
688_176,0.0
688_177,0
689_149,0.0
689_150,0.0
689_151,0.0
689_152,0.0
689_153,0.0
689_154,0
689_155,0
689_174,0
689_176,0.0
689_177,0
690_149,0.0
690_150,0.0
690_151,-0.06884693229667446
690_152,-0.022157742054371737
690_153,0.0
690_154,0.0
690_155,0
690_174,0
690_176,0.0
690_177,0.0
691_149,0
691_150,0.0
691_151,0.0
691_152,0.0
691_153,0.0
691_154,0
691_155,0
691_174,0
691_176,0.0
691_177,0
692_149,0
692_150,0.0
692_151,0.0
692_152,0.0
692_153,0
692_154,0
692_155,0
692_174,0
692_176,0
692_177,0
693_149,0.0
693_150,0.0
693_151,0.0
693_152,0.0
693_153,0
693_154,0
693_155,0
693_174,0
693_176,0
693_177,0
694_149,0
694_150,0.0
694_151,0.0
694_152,0.0
694_153,0
694_154,0
694_155,0
694_174,0
694_176,0
694_177,0
695_149,0.0
695_150,0.0
695_151,-6.043572446386064e-05
695_152,0.0
695_153,0
695_154,0
695_155,0
695_174,0
695_176,0
695_177,0
total,-7.1451141204773965